,time,Confirmed,Deaths,Recovered,Tested,Testing,Negative,tConfirmed,tDeaths,tRecovered,tTesting
0,20200202T09:00:00Z,2,2,2,0,2,0,2,2,2,2
1,20200203T09:00:00Z,15,0,0,0,0,0,13,-2,-2,-2
2,20200204T00:00:00Z,0,0,0,0,0,0,-15,0,0,0
3,20200205T09:00:00Z,18,0,0,0,129,0,18,0,0,129
4,20200206T09:00:00Z,23,0,1,0,169,0,4,0,0,129
5,20200207T09:00:00Z,24,0,2,0,264,0,1,0,1,95
6,20200208T09:00:00Z,24,0,2,0,620,0,0,0,0,293
7,20200209T09:00:00Z,25,0,3,0,960,0,1,0,1,21
8,20200210T09:00:00Z,27,0,3,0,809,0,0,0,0,-79
9,20200211T09:00:00Z,28,0,4,0,865,0,1,0,1,334
10,20200212T09:00:00Z,28,0,4,0,992,0,0,0,0,230
11,20200213T09:00:00Z,28,0,7,0,670,0,0,0,0,-115
12,20200214T09:00:00Z,28,0,7,0,692,0,0,0,0,130
13,20200215T09:00:00Z,28,0,7,0,638,0,0,0,0,103
14,20200216T09:00:00Z,29,0,9,0,577,0,1,0,0,19
15,20200217T09:00:00Z,30,0,9,0,408,0,1,0,0,-77
16,20200218T09:00:00Z,31,0,10,0,957,0,1,0,0,249
17,20200219T09:00:00Z,46,0,12,0,1030,0,15,0,0,212
18,20200220T09:00:00Z,82,0,16,0,1633,0,31,0,0,484
19,20200221T09:00:00Z,156,1,16,0,2707,0,52,0,0,847
20,20200222T09:00:00Z,346,2,17,0,5481,0,142,1,0,2301
21,20200223T09:00:00Z,556,4,18,0,6039,0,123,2,0,2
22,20200224T09:00:00Z,763,7,18,0,8725,0,161,2,0,668
23,20200225T09:00:00Z,893,8,22,0,13273,0,60,1,0,1642
24,20200226T09:00:00Z,1146,11,22,0,16734,0,169,1,0,2854
25,20200227T09:00:00Z,1595,12,24,0,21097,0,334,0,0,381
26,20200228T09:00:00Z,2022,13,26,0,24751,0,256,0,0,-817
27,20200229T09:00:00Z,2931,16,27,0,29154,0,594,3,0,-1083
28,20200301T09:00:00Z,3526,17,30,0,32422,0,376,0,2,-2760
29,20200302T00:00:00Z,4212,22,31,109591,33799,71580,476,4,1,439
30,20200303T00:00:00Z,4812,28,34,125851,35555,85484,600,6,3,1756
31,20200304T00:00:00Z,5328,32,41,136707,28414,102965,516,4,7,-7141
32,20200305T00:00:00Z,5766,35,88,146541,21810,118965,438,3,47,-6604
33,20200306T00:00:00Z,6284,42,108,164740,21832,136624,518,7,20,22
34,20200307T00:00:00Z,6767,44,118,178189,19620,151802,483,2,10,-2212
35,20200308T00:00:00Z,7134,50,130,188518,19376,162008,367,6,12,-244
36,20200309T00:00:00Z,7382,51,166,196618,17458,171778,248,1,36,-1918
37,20200310T00:00:00Z,7513,54,247,210144,18452,184179,131,3,81,994
38,20200311T00:00:00Z,7755,60,288,222395,18540,196100,242,6,41,88
39,20200312T00:00:00Z,7869,66,333,234998,17727,209402,114,6,45,-813
40,20200313T00:00:00Z,7979,67,510,248647,17940,222728,110,1,177,213
41,20200314T00:00:00Z,8086,72,714,261335,17634,235615,107,5,204,-306
42,20200315T00:00:00Z,8162,75,834,268212,16272,243778,76,3,120,-1362
43,20200316T00:00:00Z,8236,75,1137,274504,14971,251297,74,0,303,-1301
44,20200317T00:00:00Z,8320,81,1401,286716,17291,261105,84,6,264,2320
45,20200318T00:00:00Z,8413,84,1540,295647,16346,270888,93,3,139,-945
46,20200319T00:00:00Z,8565,91,1947,307024,15904,282555,152,7,407,-442
47,20200320T00:00:00Z,8652,94,2233,316664,15525,292487,87,3,286,-379
48,20200321T00:00:00Z,8799,102,2612,327509,15704,303006,147,8,379,179
49,20200322T00:00:00Z,8897,104,2909,331780,14540,308343,98,2,297,-1164
50,20200323T00:00:00Z,8961,111,3166,338036,13628,315447,64,7,257,-912
51,20200324T00:00:00Z,9037,120,3507,348582,15440,324105,76,9,341,1812
52,20200325T00:00:00Z,9137,126,3730,357896,14278,334481,100,6,223,-1162
53,20200326T00:00:00Z,9241,131,4144,364942,14369,341332,104,5,414,91
54,20200327T00:00:00Z,9332,139,4528,376961,15219,352410,91,8,384,850
55,20200328T00:00:00Z,9478,144,4811,387925,16564,361883,146,5,283,1345
56,20200329T00:00:00Z,9583,152,5033,394141,15028,369530,105,8,222,-1536
57,20200330T00:00:00Z,9661,158,5228,395194,13531,372002,78,6,195,-1497
58,20200331T00:00:00Z,9786,162,5408,410564,16892,383886,125,4,180,3361
59,20200401T00:00:00Z,9887,165,5567,421547,16585,395075,101,3,159,-307
60,20200402T00:00:00Z,9976,169,5828,431743,17885,403882,89,4,261,1300
61,20200403T00:00:00Z,10062,174,6021,443273,18908,414303,86,5,193,1023
62,20200404T00:00:00Z,10156,177,6325,455032,20144,424732,94,3,304,1236
63,20200405T00:00:00Z,10237,183,6463,461233,19571,431425,81,6,138,-573
64,20200406T00:00:00Z,10284,186,6598,466804,19295,437225,47,3,135,-276
65,20200407T00:00:00Z,10331,192,6694,477304,20650,446323,47,6,96,1355
66,20200408T00:00:00Z,10384,200,6776,486003,17858,457761,53,8,82,-2792
67,20200409T00:00:00Z,10423,204,6973,494711,15509,468779,39,4,197,-2349
68,20200410T00:00:00Z,10450,208,7117,503051,15298,477303,27,4,144,-211
69,20200411T00:00:00Z,10480,211,7243,510479,14070,485929,30,3,126,-1228
70,20200412T00:00:00Z,10512,214,7368,514621,13788,490321,32,3,125,-282
71,20200413T00:00:00Z,10537,217,7447,518743,13391,494815,25,3,79,-397
72,20200414T00:00:00Z,10564,222,7534,527438,14651,502223,27,5,87,1260
73,20200415T00:00:00Z,10591,225,7616,534552,15026,508935,27,3,82,375
74,20200416T00:00:00Z,10613,229,7757,538775,14268,513894,22,4,141,-758
75,20200417T00:00:00Z,10635,230,7829,546463,14186,521642,22,1,72,-82
76,20200418T00:00:00Z,10653,232,7937,554834,13550,530631,18,2,108,-636
77,20200419T00:00:00Z,10661,234,8042,559109,12243,536205,8,2,105,-1307
78,20200420T00:00:00Z,10674,236,8114,563035,11981,540380,13,2,72,-262
79,20200421T00:00:00Z,10683,237,8213,571014,12721,547610,9,1,99,740
80,20200422T00:00:00Z,10694,238,8277,577959,12121,555144,11,1,64,-600
81,20200423T00:00:00Z,10702,240,8411,583971,10139,563130,8,2,134,-1982
82,20200424T00:00:00Z,10708,240,8501,589520,9600,569212,6,0,90,-539
83,20200425T00:00:00Z,12801,240,10718,597244,9259,575184,2093,0,2217,-341
84,20200426T00:00:00Z,10728,242,8717,598285,8999,578558,10,2,82,-260
85,20200427T00:00:00Z,10738,243,8764,601660,8895,582027,10,1,47,-104
86,20200428T00:00:00Z,10752,244,8854,608514,9203,588559,14,1,90,308
87,20200429T00:00:00Z,10761,246,8922,614197,8307,595129,9,2,68,-896
88,20200430T00:00:00Z,10765,247,9059,619881,8634,600482,4,1,137,327
89,20200501T00:00:00Z,10774,248,9072,623069,8685,603610,9,1,13,51
90,20200502T00:00:00Z,10780,250,9123,627562,8496,608286,6,2,51,-189
91,20200503T00:00:00Z,10793,250,9183,630973,8588,611592,13,0,60,92
92,20200504T00:00:00Z,10801,252,9217,633921,8176,614944,8,2,34,-412
93,20200505T00:00:00Z,10804,254,9283,640237,8858,620575,3,2,66,682
94,20200506T00:00:00Z,10806,255,9333,643095,8009,624280,2,1,50,-849
95,20200507T00:00:00Z,10810,256,9419,649388,8429,630149,4,1,86,420
96,20200508T00:00:00Z,10822,256,9484,654863,8867,635174,12,0,65,438
97,20200509T00:00:00Z,10840,256,9568,660030,9153,640037,18,0,84,286
98,20200510T00:00:00Z,10874,256,9610,663886,10128,642884,34,0,42,975
99,20200511T00:00:00Z,10909,256,9632,668492,10922,646661,35,0,22,794
100,20200512T00:00:00Z,10936,258,9670,680890,16330,653624,27,2,38,5408
101,20200513T00:00:00Z,10962,259,9695,695920,19579,665379,26,1,25,3249
102,20200514T00:00:00Z,10991,260,9762,711484,20722,679771,29,1,67,1143
103,20200515T00:00:00Z,11018,260,9821,726747,19875,695854,27,0,59,-847
104,20200516T00:00:00Z,11037,262,9851,740645,18343,711265,19,2,30,-1532
105,20200517T00:00:00Z,11050,262,9888,747653,17660,718943,13,0,37,-683
106,20200518T00:00:00Z,11065,263,9904,753211,16093,726053,15,1,16,-1567
107,20200519T00:00:00Z,11078,263,9938,765574,16925,737571,13,0,34,832
108,20200520T00:00:00Z,11110,263,10066,776433,16351,748972,32,0,128,-574
109,20200521T00:00:00Z,11122,264,10135,788684,18089,759473,12,1,69,1738
110,20200522T00:00:00Z,11142,264,10162,802418,20286,770990,20,0,27,2197
111,20200523T00:00:00Z,11165,266,10194,814420,21569,781686,23,2,32,1283
112,20200524T00:00:00Z,11190,266,10213,820289,20333,788766,25,0,19,-1236
113,20200525T00:00:00Z,11206,267,10226,826437,19089,796142,16,1,13,-1244
114,20200526T00:00:00Z,11225,269,10275,839475,22044,806206,19,2,49,2955
115,20200527T00:00:00Z,11265,269,10295,852876,21061,820550,40,0,20,-983
116,20200528T00:00:00Z,11344,269,10340,868666,22370,834952,79,0,45,1309
117,20200529T00:00:00Z,11402,269,10363,885120,24557,849161,58,0,23,2187
118,20200530T00:00:00Z,11441,269,10398,902901,26298,865162,39,0,35,1741
119,20200531T00:00:00Z,11468,270,10405,910822,23294,876060,27,1,7,-3004
120,20200601T00:00:00Z,11503,271,10422,921391,24058,885830,35,1,17,764
121,20200602T00:00:00Z,11541,272,10446,939851,28922,899388,38,1,24,4864
122,20200603T00:00:00Z,11590,273,10467,956852,27865,917397,49,1,21,-1057
123,20200604T00:00:00Z,11629,273,10499,973858,28199,934030,39,0,32,334
124,20200605T00:00:00Z,11668,273,10506,990960,28766,950526,39,0,7,567
125,20200606T00:00:00Z,11719,273,10531,1005305,27954,965632,51,0,25,-812
126,20200607T00:00:00Z,11776,273,10552,1012769,26481,974512,57,0,21,-1473
127,20200608T00:00:00Z,11814,273,10563,1018213,24374,982026,38,0,11,-2107
128,20200609T00:00:00Z,11852,274,10589,1035996,27459,996686,38,1,26,3085
129,20200610T00:00:00Z,11902,276,10611,1051971,26223,1013847,50,2,22,-1236
130,20200611T00:00:00Z,11947,276,10654,1066887,25494,1029447,45,0,43,-729
131,20200612T00:00:00Z,12003,277,10669,1081486,24244,1045240,56,1,15,-1250
132,20200613T00:00:00Z,12051,277,10691,1094703,23352,1059301,48,0,22,-892
133,20200614T00:00:00Z,12085,277,10718,1100327,21356,1066887,34,0,27,-1996
134,20200615T00:00:00Z,12121,277,10730,1105719,20793,1072805,36,0,12,-563
135,20200616T00:00:00Z,12155,278,10760,1119767,22632,1084980,34,1,30,1839
136,20200617T00:00:00Z,12198,279,10774,1132823,21489,1099136,43,1,14,-1143
137,20200618T00:00:00Z,12257,280,10800,1145712,21714,1111741,59,1,26,225
138,20200619T00:00:00Z,12306,280,10835,1158063,21190,1124567,49,0,35,-524
139,20200620T00:00:00Z,12373,280,10856,1170901,21470,1137058,67,0,21,280
140,20200621T00:00:00Z,12421,280,10868,1176463,20071,1143971,48,0,12,-1399
141,20200622T00:00:00Z,12438,280,10881,1182066,19403,1150225,17,0,13,-668
142,20200623T00:00:00Z,12484,281,10908,1196012,22278,1161250,46,1,27,2875
143,20200624T00:00:00Z,12535,281,10930,1208597,20245,1175817,51,0,22,-2033
144,20200625T00:00:00Z,12563,282,10974,1220478,18900,1189015,28,1,44,-1345
145,20200626T00:00:00Z,12602,282,11172,1232315,18828,1200885,39,0,198,-72
146,20200627T00:00:00Z,12653,282,11317,1243780,19866,1211261,51,0,145,1038
147,20200628T00:00:00Z,12715,282,11364,1251695,19005,1219975,62,0,47,-861
148,20200629T00:00:00Z,12757,282,11429,1259954,18499,1228698,42,0,65,-506
149,20200630T00:00:00Z,12800,282,11537,1273765,20809,1240157,43,0,108,2310
150,20200701T00:00:00Z,12850,282,11613,1285231,19526,1252855,50,0,76,-1283
151,20200702T00:00:00Z,12904,282,11684,1295962,19782,1263276,54,0,71,256
152,20200703T00:00:00Z,12967,282,11759,1307761,21560,1273234,63,0,75,1778
153,20200704T00:00:00Z,13030,283,11811,1319521,22321,1284172,63,1,52,761
154,20200705T00:00:00Z,13091,283,11832,1326055,21649,1291317,61,0,21,-672
155,20200706T00:00:00Z,13137,284,11848,1331796,21292,1297367,46,1,16,-357
156,20200707T00:00:00Z,13181,285,11914,1346194,23675,1309338,44,1,66,2383
157,20200708T00:00:00Z,13244,285,11970,1359734,24012,1322479,63,0,56,337
158,20200709T00:00:00Z,13293,287,12019,1371771,23912,1334566,49,2,49,-100
159,20200710T00:00:00Z,13338,288,12065,1384890,23527,1348025,45,1,46,-385
160,20200711T00:00:00Z,13373,288,12144,1396941,22950,1360618,35,0,79,-577
161,20200712T00:00:00Z,13417,289,12178,1402144,21830,1366897,44,1,34,-1120
162,20200713T00:00:00Z,13479,289,12204,1408312,21845,1372988,62,0,26,15
163,20200714T00:00:00Z,13512,289,12282,1420616,24289,1382815,33,0,78,2444
164,20200715T00:00:00Z,13551,289,12348,1431316,23297,1394468,39,0,66,-992
165,20200716T00:00:00Z,13612,291,12396,1441348,23404,1404332,61,2,48,107
166,20200717T00:00:00Z,13672,293,12460,1451017,23110,1414235,60,2,64,-294
167,20200718T00:00:00Z,13711,294,12519,1460204,22923,1423570,39,1,59,-187
168,20200719T00:00:00Z,13745,295,12556,1465299,21953,1429601,34,1,37,-970
169,20200720T00:00:00Z,13771,296,12572,1470193,21302,1435120,26,1,16,-651
170,20200721T00:00:00Z,13816,296,12643,1482390,23864,1444710,45,0,71,2562
171,20200722T00:00:00Z,13879,297,12698,1492071,21751,1456441,63,1,55,-2113
172,20200723T00:00:00Z,13938,297,12758,1500854,21418,1465498,59,0,60,-333
173,20200724T00:00:00Z,13979,298,12817,1510327,20559,1475789,41,1,59,-859
174,20200725T00:00:00Z,14092,298,12866,1518634,19681,1484861,113,0,49,-878
175,20200726T00:00:00Z,14150,298,12890,1522926,19214,1489562,58,0,24,-467
176,20200727T00:00:00Z,14175,299,12905,1526974,18770,1494029,25,1,15,-444
177,20200728T00:00:00Z,14203,300,13007,1537704,20444,1503057,28,1,102,1674
178,20200729T00:00:00Z,14251,300,13069,1547307,19326,1513730,48,0,62,-1118
179,20200730T00:00:00Z,14269,300,13132,1556215,19018,1522928,18,0,63,-308
180,20200731T00:00:00Z,14305,301,13183,1563796,18330,1531161,36,1,51,-688
181,20200801T00:00:00Z,14336,301,13233,1571830,18278,1539216,31,0,50,-52
182,20200802T00:00:00Z,14366,301,13259,1576246,17768,1544112,30,0,26,-510
183,20200803T00:00:00Z,14389,301,13280,1579757,17401,1547967,23,0,21,-367
184,20200804T00:00:00Z,14423,301,13352,1589780,18724,1556633,34,0,72,1323
185,20200805T00:00:00Z,14456,302,13406,1598187,18490,1565241,33,1,54,-234
186,20200806T00:00:00Z,14499,302,13501,1606487,18031,1573957,43,0,95,-459
187,20200807T00:00:00Z,14519,303,13543,1613652,17068,1582065,20,1,42,-963
188,20200808T00:00:00Z,14562,304,13629,1620514,16105,1589847,43,1,86,-963
189,20200809T00:00:00Z,14598,305,13642,1624650,16803,1593249,36,1,13,698
190,20200810T00:00:00Z,14626,305,13658,1628303,16396,1597281,28,0,16,-407
191,20200811T00:00:00Z,14660,305,13729,1637844,17489,1605695,34,0,71,1093
192,20200812T00:00:00Z,14714,305,13786,1646652,17375,1614563,54,0,57,-114
193,20200813T00:00:00Z,14770,305,13817,1654898,17798,1622330,56,0,31,423
194,20200814T00:00:00Z,14873,305,13863,1665084,20132,1630079,103,0,46,2334
195,20200815T00:00:00Z,15039,305,13901,1675296,21618,1638639,166,0,38,1486
196,20200816T00:00:00Z,15318,305,13910,1681787,22005,1644464,279,0,9,387
197,20200817T00:00:00Z,15515,305,13917,1688470,22964,1649991,197,0,7,959
198,20200818T00:00:00Z,15761,306,13934,1697042,25219,1656062,246,1,17,2255
199,20200819T00:00:00Z,16058,306,14006,1715064,31022,1667984,297,0,72,5803
200,20200820T00:00:00Z,16346,307,14063,1734083,34998,1682739,288,1,57,3976
201,20200821T00:00:00Z,16670,309,14120,1754123,38045,1699408,324,2,57,3047
202,20200822T00:00:00Z,17002,309,14169,1775800,42427,1716371,332,0,49,4382
203,20200823T00:00:00Z,17399,309,14200,1791186,47564,1726223,397,0,31,5137
204,20200824T00:00:00Z,17665,309,14219,1804422,47995,1738762,266,0,19,431
205,20200825T00:00:00Z,17945,310,14286,1825837,50362,1757530,280,1,67,2367
206,20200826T00:00:00Z,18265,312,14368,1849506,52795,1778446,320,2,82,2433
207,20200827T00:00:00Z,18706,313,14461,1869579,52041,1798832,441,1,93,-754
208,20200828T00:00:00Z,19077,316,14551,1887717,50711,1817929,371,3,90,-1330
209,20200829T00:00:00Z,19400,321,14765,1909329,54046,1835883,323,5,214,3335
210,20200830T00:00:00Z,19699,323,14903,1924170,58021,1846450,299,2,138,3975
211,20200831T00:00:00Z,19947,324,14973,1937689,57876,1859866,248,1,70,-145
212,20200901T00:00:00Z,20182,324,15198,1959080,56743,1882155,235,0,225,-1133
213,20200902T00:00:00Z,20449,326,15356,1980295,56748,1903098,267,2,158,5
214,20200903T00:00:00Z,20644,329,15529,2000552,55524,1924384,195,3,173,-1224
215,20200904T00:00:00Z,20842,331,15783,2018906,52266,1945798,198,2,254,-3258
216,20200905T00:00:00Z,21010,333,16009,2037045,52077,1963958,168,2,226,-189
217,20200906T00:00:00Z,21177,334,16146,2045935,49621,1975137,167,1,137,-2456
218,20200907T00:00:00Z,21296,336,16297,2051297,47109,1982892,119,2,151,-2512
219,20200908T00:00:00Z,21432,341,16636,2066078,43370,2001276,136,5,339,-3739
220,20200909T00:00:00Z,21588,344,17023,2082234,36533,2024113,156,3,387,-6837
221,20200910T00:00:00Z,21743,346,17360,2099591,33018,2044830,155,2,337,-3515
222,20200911T00:00:00Z,21919,350,17616,2119211,29423,2067869,176,4,256,-3595
223,20200912T00:00:00Z,22055,355,18029,2135457,27826,2085576,136,5,413,-1597
224,20200913T00:00:00Z,22176,358,18226,2143270,27705,2093389,121,3,197,-121
225,20200914T00:00:00Z,22285,363,18489,2151002,27476,2101241,109,5,263,-229
226,20200915T00:00:00Z,22391,367,18878,2164578,27310,2114877,106,4,389,-166
227,20200916T00:00:00Z,22504,367,19310,2178832,25842,2130486,113,0,432,-1468
228,20200917T00:00:00Z,22657,372,19543,2191892,25508,2143727,153,5,233,-334
229,20200918T00:00:00Z,22783,377,19771,2206365,25403,2158179,126,5,228,-105
230,20200919T00:00:00Z,22893,378,19970,2219162,24705,2171564,110,1,199,-698
231,20200920T00:00:00Z,22975,383,20158,2226701,24274,2179452,82,5,188,-431
232,20200921T00:00:00Z,23045,385,20248,2231589,22536,2186008,70,2,90,-1738
233,20200922T00:00:00Z,23106,388,20441,2245112,23222,2198784,61,3,193,686
234,20200923T00:00:00Z,23216,388,20650,2256899,20527,2213156,110,0,209,-2695
235,20200924T00:00:00Z,23341,393,20832,2268999,20782,2224876,125,5,182,255
236,20200925T00:00:00Z,23455,395,20978,2280276,19575,2237246,114,2,146,-1207
237,20200926T00:00:00Z,23516,399,21166,2290345,18508,2248321,61,4,188,-1067
238,20200927T00:00:00Z,23611,401,21248,2296517,18878,2254028,95,2,82,370
239,20200928T00:00:00Z,23661,406,21292,2301303,18587,2259055,50,5,44,-291
240,20200929T00:00:00Z,23699,407,21470,2313044,20056,2269289,38,1,178,1469
241,20200930T00:00:00Z,23812,413,21591,2322999,20596,2278591,113,6,121,540
242,20201001T00:00:00Z,23889,415,21666,2328435,20029,2284517,77,2,75,-567
243,20201002T00:00:00Z,23952,416,21733,2333777,19995,2289830,63,1,67,-34
244,20201003T00:00:00Z,24027,420,21787,2339859,21287,2294545,75,4,54,1292
245,20201004T00:00:00Z,24091,421,21845,2346345,22116,2300138,64,1,58,829
246,20201005T00:00:00Z,24164,422,21886,2352378,22447,2305767,73,1,41,331
247,20201006T00:00:00Z,24239,422,22083,2365433,22737,2318457,75,0,197,290
248,20201007T00:00:00Z,24353,425,22334,2378073,22138,2331582,114,3,251,-599
249,20201008T00:00:00Z,24422,427,22463,2388844,20978,2343444,69,2,129,-1160
250,20201009T00:00:00Z,24476,428,22569,2400233,20699,2355058,54,1,106,-279
251,20201010T00:00:00Z,24548,430,22624,2404684,18982,2361154,72,2,55,-1717
252,20201011T00:00:00Z,24606,432,22693,2410483,19303,2366574,58,2,69,321
253,20201012T00:00:00Z,24703,433,22728,2415610,19192,2371715,97,1,35,-111
254,20201013T00:00:00Z,24805,434,22863,2428771,20124,2383842,102,1,135,932
255,20201014T00:00:00Z,24889,438,23030,2441454,18396,2398169,84,4,167,-1728
256,20201015T00:00:00Z,24988,439,23082,2450739,18262,2407489,99,1,52,-134
257,20201016T00:00:00Z,25035,441,23180,2459426,17355,2417036,47,2,98,-907
258,20201017T00:00:00Z,25108,443,23258,2468527,17318,2426101,73,2,78,-37
259,20201018T00:00:00Z,25199,444,23312,2474529,17781,2431549,91,1,54,463
260,20201019T00:00:00Z,25275,444,23368,2479226,16763,2437188,76,0,56,-1018
261,20201020T00:00:00Z,25333,447,23466,2491311,19379,2446599,58,3,98,2616
262,20201021T00:00:00Z,25424,450,23584,2503491,19493,2458574,91,3,118,114
263,20201022T00:00:00Z,25543,453,23647,2515325,19813,2469969,119,3,63,320
264,20201023T00:00:00Z,25698,455,23717,2528621,20430,2482493,155,2,70,617
265,20201024T00:00:00Z,25775,457,23834,2540679,21888,2493016,77,2,117,1458
266,20201025T00:00:00Z,25836,457,23869,2546146,21682,2498628,61,0,35,-206
267,20201026T00:00:00Z,25955,457,23905,2552264,20763,2505546,119,0,36,-919
268,20201027T00:00:00Z,26043,460,23981,2567587,23003,2518541,88,3,76,2240
269,20201028T00:00:00Z,26146,461,24073,2582960,22904,2533910,103,1,92,-99
270,20201029T00:00:00Z,26271,462,24168,2597978,26148,2545559,125,1,95,3244
271,20201030T00:00:00Z,26385,463,24227,2612231,26373,2559473,114,1,59,225
272,20201031T00:00:00Z,26511,464,24311,2624492,25678,2572303,126,1,84,-695
273,20201101T00:00:00Z,26635,466,24357,2630630,24838,2579157,124,2,46,-840
274,20201102T00:00:00Z,26732,468,24395,2636650,25524,2584394,97,2,38,686
275,20201103T00:00:00Z,26807,472,24510,2649859,25815,2597237,75,4,115,291
276,20201104T00:00:00Z,26924,474,24616,2662260,24255,2611081,117,2,106,-1560
277,20201105T00:00:00Z,27050,475,24735,2673706,25062,2621594,126,1,119,807
278,20201106T00:00:00Z,27195,476,24821,2686314,25629,2633490,145,1,86,567
279,20201107T00:00:00Z,27284,477,24910,2697249,26217,2643748,89,1,89,588
280,20201108T00:00:00Z,27427,478,24968,2702880,25648,2649805,143,1,58,-569
281,20201109T00:00:00Z,27553,480,25029,2709199,25802,2655844,126,2,61,154
282,20201110T00:00:00Z,27653,485,25160,2723960,27855,2668452,100,5,131,2053
283,20201111T00:00:00Z,27799,487,25266,2736534,28688,2680047,146,2,106,833
284,20201112T00:00:00Z,27942,487,25404,2749772,29284,2692546,143,0,138,596
285,20201113T00:00:00Z,28133,488,25537,2761411,30119,2703159,191,1,133,835
286,20201114T00:00:00Z,28338,492,25636,2777289,34692,2714259,205,4,99,4573
287,20201115T00:00:00Z,28546,493,25691,2786878,36378,2721954,208,1,55,1686
288,20201116T00:00:00Z,28769,494,25759,2797691,38314,2730608,223,1,68,1936
289,20201117T00:00:00Z,28998,494,25860,2815755,41202,2745555,229,0,101,2888
290,20201118T00:00:00Z,29311,496,25973,2834362,42688,2762363,313,2,113,1486
291,20201119T00:00:00Z,29654,498,26098,2853843,45525,2778664,343,2,125,2837
292,20201120T00:00:00Z,30017,501,26263,2873443,48143,2795283,363,3,165,2618
293,20201121T00:00:00Z,30403,503,26365,2896746,51345,2814998,386,2,102,3202
294,20201122T00:00:00Z,30733,505,26466,2908890,54029,2824128,330,2,101,2684
295,20201123T00:00:00Z,31004,509,26539,2922135,56455,2834676,271,4,73,2426
296,20201124T00:00:00Z,31353,510,26722,2946399,57769,2857277,349,1,183,1314
297,20201125T00:00:00Z,31735,513,26825,2966405,55838,2878832,382,3,103,-1931
298,20201126T00:00:00Z,32318,515,26950,2988046,55361,2900367,583,2,125,-477
299,20201127T00:00:00Z,32887,516,27103,3009577,56637,2920053,569,1,153,1276
300,20201128T00:00:00Z,33375,522,27349,3032004,58794,2939835,488,6,246,2157
301,20201129T00:00:00Z,33824,523,27542,3046971,62829,2950318,449,1,193,4035
302,20201130T00:00:00Z,34201,526,27653,3061172,63365,2963606,377,3,111,536
303,20201201T00:00:00Z,34652,526,27885,3083997,64892,2984453,451,0,232,1527
304,20201202T00:00:00Z,35163,526,28065,3106970,65154,3006653,511,0,180,262
305,20201203T00:00:00Z,35703,529,28352,3131886,65788,3030395,540,3,287,634
306,20201204T00:00:00Z,36332,536,28611,3157410,64017,3057061,629,7,259,-1771
307,20201205T00:00:00Z,36915,540,28917,3180496,66267,3077314,583,4,306,2250
308,20201206T00:00:00Z,37546,545,29128,3194867,67716,3089605,631,5,211,1449
309,20201207T00:00:00Z,38161,549,29301,3209376,68010,3103205,615,4,173,294
310,20201209T00:00:00Z,39432,556,30177,3253236,75080,3138724,1271,7,876,7070
311,20201208T00:00:00Z,38746,552,29650,3221317,71274,3111297,-686,-4,-527,-3806
312,20201210T00:00:00Z,40098,564,30637,3277947,72764,3165085,1352,12,987,1490
313,20201211T00:00:00Z,40786,572,31157,3311213,77688,3192739,688,8,520,4924
314,20201212T00:00:00Z,41736,578,31493,3349864,86742,3221386,950,6,336,9054
315,20201213T00:00:00Z,42766,580,31814,3374595,90129,3241700,1030,2,321,3387
316,20201214T00:00:00Z,43484,587,32102,3397039,89247,3264308,718,7,288,-882
317,20201215T00:00:00Z,44364,600,32559,3441220,93473,3303383,880,13,457,4226
318,20201216T00:00:00Z,45442,612,32947,3488769,94784,3348543,1078,12,388,1311
319,20201217T00:00:00Z,46453,634,33610,3538840,99258,3393129,1011,22,663,4474
320,20201218T00:00:00Z,47515,645,33982,3589795,110618,3431662,1062,11,372,11360
321,20201219T00:00:00Z,48570,659,34334,3646247,126233,3471444,1055,14,352,15615
322,20201220T00:00:00Z,49661,674,34722,3683090,139475,3493954,1098,15,388,13242
323,20201221T00:00:00Z,50586,698,35155,3713857,146438,3516833,925,24,433,6963
324,20201222T00:00:00Z,51454,722,35928,3772426,151129,3569843,868,24,773,4691
325,20201223T00:00:00Z,52544,739,36726,3826566,153109,3620913,1090,17,798,1980
326,20201224T00:00:00Z,53529,756,37425,3882206,150533,3678144,985,17,699,-2576
327,20201225T00:00:00Z,54769,773,38048,3939356,156789,3727798,1240,17,623,6256
328,20201226T00:00:00Z,55901,793,38532,3969414,157012,3756501,1132,20,484,223
329,20201227T00:00:00Z,56871,808,39040,4006411,166976,3782564,970,15,508,9964
330,20201228T00:00:00Z,57678,819,39268,4038306,169878,3810750,807,11,228,2902
331,20201229T00:00:00Z,58722,859,40703,4098178,170962,3868494,1044,40,1435,1084
332,20201230T00:00:00Z,59772,879,41435,4159521,171771,3927978,1050,20,732,809
333,20201231T00:00:00Z,60739,900,42270,4213879,170338,3982802,967,21,835,-1433
334,20210101T00:00:00Z,61767,917,42953,4269316,176927,4030622,1028,17,683,6589
335,20210102T00:00:00Z,62587,942,43578,4302793,179387,4060819,820,25,625,2460
336,20210103T00:00:00Z,63244,962,44507,4340838,186472,4091122,657,20,929,7085
337,20210104T00:00:00Z,64264,981,45240,4376608,190732,4121612,1020,19,733,4260
338,20210105T00:00:00Z,64978,1007,46172,4439360,193751,4180631,714,26,932,3019
339,20210106T00:00:00Z,65816,1027,46995,4504866,192082,4246968,838,20,823,-1669
340,20210107T00:00:00Z,66684,1046,47649,4569808,191762,4311362,868,19,654,-320
341,20210108T00:00:00Z,67358,1081,48369,4630004,190452,4372194,674,35,720,-1310
342,20210109T00:00:00Z,67999,1100,49324,4689616,185923,4435694,641,19,955,-4529
343,20210110T00:00:00Z,68663,1125,50409,4723463,191454,4463346,664,25,1085,5531
344,20210111T00:00:00Z,69114,1140,52552,4751685,189763,4492808,451,15,2143,-1691
345,20210112T00:00:00Z,69650,1165,53569,4814085,186770,4557665,536,25,1017,-2993
346,20210113T00:00:00Z,70204,1185,54636,4872312,182914,4619194,554,20,1067,-3856
347,20210114T00:00:00Z,70728,1195,55772,4925359,169742,4684889,524,10,1136,-13172
348,20210115T00:00:00Z,71240,1217,56536,4978074,162323,4744511,512,22,764,-7419
349,20210116T00:00:00Z,71820,1236,57554,5032270,155639,4804811,580,19,1018,-6684
350,20210117T00:00:00Z,72340,1249,58253,5061290,159385,4829565,520,13,699,3746
351,20210118T00:00:00Z,72729,1264,58723,5087220,158035,4856456,389,15,470,-1350
352,20210119T00:00:00Z,73114,1283,59468,5140325,154345,4912866,385,19,745,-3690
353,20210120T00:00:00Z,73517,1300,60180,5192128,148141,4970470,403,17,712,-6204
354,20210121T00:00:00Z,73916,1316,60846,5237606,141070,5022620,399,16,666,-7071
355,20210122T00:00:00Z,74261,1328,61415,5282223,133132,5074830,345,12,569,-7938
356,20210123T00:00:00Z,74692,1337,62044,5329707,136629,5118386,431,9,629,3497
357,20210124T00:00:00Z,75084,1349,62530,5354349,135765,5143500,392,12,486,-864
358,20210125T00:00:00Z,75521,1360,62956,5376086,134549,5166016,437,11,426,-1216
359,20210126T00:00:00Z,75870,1371,64793,5422768,138624,5208274,349,11,1837,4075
360,20210127T00:00:00Z,76429,1378,65478,5469247,138427,5254391,559,7,685,-197
361,20210128T00:00:00Z,76926,1386,66016,5522189,139424,5305839,497,8,538,997
362,20210129T00:00:00Z,77395,1399,66503,5569264,142753,5349116,469,13,487,3329
363,20210130T00:00:00Z,77848,1414,67121,5616528,145795,5392885,453,15,618,3042
364,20210131T00:00:00Z,78203,1420,67878,5640818,149550,5413065,355,6,757,3755
365,20210201T00:00:00Z,78508,1425,68309,5661842,149456,5433878,305,5,431,-94
366,20210202T00:00:00Z,78843,1435,68775,5711412,154265,5478304,335,10,466,4809
367,20210203T00:00:00Z,79310,1441,69299,5756713,138849,5538554,467,6,524,-15416
368,20210204T00:00:00Z,79761,1448,69704,5803094,120538,5602795,451,7,405,-18311
369,20210205T00:00:00Z,80131,1459,70117,5847178,107457,5659590,370,11,413,-13081
370,20210206T00:00:00Z,80524,1464,70505,5893353,97677,5715152,393,5,388,-9780
371,20210207T00:00:00Z,80895,1471,70865,5916974,90751,5745328,371,7,360,-6926
372,20210208T00:00:00Z,81183,1474,71218,5938195,84843,5772169,288,3,353,-5908
373,20210209T00:00:00Z,81486,1482,71676,5987405,82630,5823289,303,8,458,-2213
374,20210210T00:00:00Z,81930,1486,72226,6030023,80076,5868017,444,4,550,-2554
375,20210211T00:00:00Z,82434,1496,72638,6070008,81614,5905960,504,10,412,1538
376,20210212T00:00:00Z,82837,1507,72936,6093369,80861,5929671,403,11,298,-753
377,20210213T00:00:00Z,83199,1514,73227,6115337,70251,5961887,362,7,291,-10610
378,20210214T00:00:00Z,83525,1522,73559,6140086,78200,5978361,326,8,332,7949
379,20210215T00:00:00Z,83868,1527,73794,6162859,80146,5998845,343,5,235,1946
380,20210216T00:00:00Z,84325,1534,74551,6213490,76897,6052268,457,7,757,-3249
381,20210217T00:00:00Z,84946,1538,75360,6260567,72410,6103211,621,4,809,-4487
382,20210218T00:00:00Z,85567,1544,75896,6303214,70720,6146927,621,6,536,-1690
383,20210219T00:00:00Z,86128,1550,76513,6345992,71116,6188748,561,6,617,396
384,20210220T00:00:00Z,86576,1553,77083,6390631,76137,6227918,448,3,570,5021
385,20210221T00:00:00Z,86992,1557,77516,6411340,73356,6250992,416,4,433,-2781
386,20210222T00:00:00Z,87324,1562,77887,6429144,72461,6269359,332,5,371,-895
387,20210223T00:00:00Z,87680,1573,78394,6472678,74065,6310933,356,11,507,1604
388,20210224T00:00:00Z,88120,1576,79050,6510988,74988,6347880,440,3,656,923
